{"cameraMode":{"drawMode":0,"name":"Shaded","section":"Shading Mode"},"sceneLighting":false,"audioPlay":false,"sceneViewState":{"m_AlwaysRefresh":false,"showFog":true,"showSkybox":false,"showFlares":true,"showImageEffects":true,"showParticleSystems":true,"showVisualEffectGraphs":true,"m_FxEnabled":true},"in2DMode":false,"pivot":{"x":2.9802322387695315e-8,"y":4.470348358154297e-8,"z":0.8999999761581421},"rotation":{"x":-0.016503747552633287,"y":0.9283621311187744,"z":-0.36898157000541689,"w":-0.041524697095155719},"size":1.023667812347412,"orthographic":false}